<addon id="plugin.video.news" name="News" provider-name="William Luke" version="1.0.0">
  <requires>
    <import addon="xbmc.python" version="2.1.0" />
    <import addon="script.module.xbmcswift2" version="1.3.1" />
    <import addon="script.module.requests" version="1.0.4" />
    <import addon="plugin.video.youtube" version="4.4.1" />
  </requires>
  <extension library="addon.py" point="xbmc.python.pluginsource">
    <provides>video</provides>
  </extension>
  <extension point="xbmc.addon.metadata">
    <language />
    <platform>all</platform>
    <summary>Selection of live HD news sources</summary>
    <description></description>
  </extension>
</addon>