<?xml version="1.0" encoding="UTF-8"?>
    <addon id="repository.atto.byte" name="Atto Byte" version="0.1.0" provider-name="William Luke">
        <requires>
            <import addon="xbmc.addon" version="12.0.0"/>
        </requires>
        <extension point="xbmc.addon.repository" name="Atto Byte">
            <info compressed="false">https://raw.githubusercontent.com/williamluke4/kodi-repository.william.luke.org/master/_repo/addons.xml</info>
            <checksum>https://raw.githubusercontent.com/williamluke4/kodi-repository.william.luke.org/master/_repo/addons.xml.md5</checksum>
            <datadir zip="true">https://raw.githubusercontent.com/williamluke4/kodi-repository.william.luke.org/master/_repo/</datadir>
            <hashes>false</hashes>
        </extension>
        <extension point="xbmc.addon.metadata">
            <summary>All the things</summary>
            <description>The description can be longer. Using [CR] you can create a newline. The use of other markup is not advised.</description>
            <platform>all</platform>
    </extension>
</addon>